source,product_name,price_web_integer,price_web_fraction,price_store_integer,price_store_fraction,url,timestamp_scrape,category_total_products,price_web,price_store
wong.pe,Muñeco Little Live Pets Cordero,99,90,219,90,https://www.wong.pe/muneco-little-live-pets-cordero-990173-2/p,2025-10-02T20:43:08,,99.9,219.9
wong.pe,Refresco Instantáneo Sabor Maracuyá Sobre 15 g,1,20,,,https://www.wong.pe/refresco-instantaneo-sabor-maracuya-sobre-15-g-712496001-2/p,2025-10-02T20:43:16,,1.2,
wong.pe,"Pack Figura Sonic 5""",99,90,149,00,https://www.wong.pe/pack-figura-sonic-5-1026166/p,2025-10-02T20:43:24,,99.9,149.0
wong.pe,Colchón Abrazzo Paraíso Marrón + 2 Almohadas + Protector King,2,00,5,00,https://www.wong.pe/colchon-abrazzo-king-575968/p,2025-10-02T20:43:33,,2.0,5.0
wong.pe,Arroz para Sushi Miyabi-Mai 5kg,39,90,,,https://www.wong.pe/arroz-para-sushi-miyabi-mai-5kg-1045953/p,2025-10-02T20:43:41,,39.9,
wong.pe,Robot Happy Line Luz y Sonido Warrior,25,90,59,90,https://www.wong.pe/robot-happy-line-luz-y-sonido-warrior-915494/p,2025-10-02T20:43:50,,25.9,59.9
wong.pe,Queso Tipo Gruyere Lait's x kg,104,50,,,https://www.wong.pe/queso-tipo-gruyere-lait-s-x-kg-252811/p,2025-10-02T20:43:58,,104.5,
wong.pe,Yogurt Bebible Laive Sabor Vainilla Francesa 1.7kg,11,50,,,https://www.wong.pe/yogurt-bebible-laive-sabor-vainilla-francesa-1-7kg-166570001/p,2025-10-02T20:44:07,,11.5,
wong.pe,Limpiador Multiuso The Pink Stuff 750ml,31,90,,,https://www.wong.pe/limpiador-multiuso-the-pink-stuff-750ml-1033054/p,2025-10-02T20:44:14,,31.9,
wong.pe,Choclo Congelado Bolsa 1 Kg,16,80,21,00,https://www.wong.pe/choclo-congelado-bolsa-1-kg-916284-2/p,2025-10-02T20:44:23,,16.8,21.0
wong.pe,Papa Seca Tesoro Del Campo Bolsa 500 g,8,70,,,https://www.wong.pe/papa-seca-tesoro-del-campo-bolsa-500-g/p,2025-10-02T20:44:30,,8.7,
wong.pe,Sweater Pet's Fun Murcielago M,29,90,,,https://www.wong.pe/sweater-pets-fun-murcielago-m-1033138/p,2025-10-02T20:44:38,,29.9,
wong.pe,SCD637/45 SETX4 TETINAS ANTICOLIC FLUJOS,34,50,69,00,https://www.wong.pe/scd637-45-setx4-tetinas-anticolic-flujos/p,2025-10-02T20:44:46,,34.5,69.0
wong.pe,Morcilla Cóctel Otto Kunz Paquete 220 g,14,90,,,https://www.wong.pe/morcilla-coctel-otto-kunz-paquete-220-g/p,2025-10-02T20:44:55,,14.9,
wong.pe,Maní Karinto Crocante Salado 200g,5,50,8,00,https://www.wong.pe/man-karinto-crocante-salado-200g-444162003/p,2025-10-02T20:45:02,,5.5,8.0
wong.pe,Chicha Morada Gloria Botella 3 L,8,70,,,https://www.wong.pe/chicha-morada-gloria-botella-3-l-400190/p,2025-10-02T20:45:12,,8.7,
wong.pe,Pack Velas Krea Candelabro Rojo,14,90,24,99,https://www.wong.pe/pack-velas-krea-candelabro-rojo-1020865/p,2025-10-02T20:45:20,,14.9,24.99
wong.pe,Shampoo Tío Nacho Anti Caída Engrosador 415ml,24,90,30,10,https://www.wong.pe/shampoo-t-o-nacho-anti-ca-da-engrosador-415ml720612/p,2025-10-02T20:45:28,,24.9,30.1
wong.pe,Spray Nobel Árnica Crackling 100ml,72,92,,,https://www.wong.pe/spray-nobel-arnica-crackling-100ml-2-2/p,2025-10-02T20:45:37,,72.92,
wong.pe,Sal de Maras con Hierbas Aromáticas Gruesa Frasco 600 g,11,90,,,https://www.wong.pe/sal-de-maras-con-hierbas-aromaticas-gruesa-frasco-600-g-529176/p,2025-10-02T20:45:46,,11.9,
wong.pe,Tetera Record Inoxidable Silver 2.5L,209,90,,,https://www.wong.pe/tetera-record-inoxidable-silver-2-5l-990905-2/p,2025-10-02T20:45:54,,209.9,
wong.pe,Artesco Cerámica Moldeable Granulada Pote 20 g Caja 6 unid,14,50,,,https://www.wong.pe/artesco-ceramica-moldeable-granulada-pote-20-g-caja-6-unid-413921/p,2025-10-02T20:46:02,,14.5,
wong.pe,Oster Hervidor Eléctrico BVSTKT673CR-053 1.7 Lt,139,00,189,00,https://www.wong.pe/oster-hervidor-electrico-bvstkt673cr-053-1-7-lt-2/p,2025-10-02T20:46:10,,139.0,189.0
wong.pe,Bolígrafo Speedx 7 Azul 1 unid,4,15,5,19,https://www.wong.pe/boligrafo-speedx-7-azul-1-unid-522474-2/p,2025-10-02T20:46:19,,4.15,5.19
wong.pe,Ambientador Glade Automático en Aerosol Aparato Manzana y Canela 175g,55,90,,,https://www.wong.pe/ambientador-glade-automatico-en-aerosol-aparato-manzana-y-canela-175g-454491/p,2025-10-02T20:46:27,,55.9,
wong.pe,Cocina de Piso a Gas Mabe CMP6060FX0 60cm,999,00,1,00,https://www.wong.pe/cocina-de-piso-a-gas-mabe-cmp6060fx0-60cm-992774-2/p,2025-10-02T20:46:36,,999.0,1.0
wong.pe,Funda Plumón Krea Estampada 2 Plazas Microfibra Raya Azul,29,90,174,99,https://www.wong.pe/funda-plumon-krea-estampada-2-plazas-microfibra-raya-azul-1023106/p,2025-10-02T20:46:44,,29.9,174.99
wong.pe,Cama Queen Rosen Pratta + Cabecera Issey,3,00,3,00,https://www.wong.pe/cama-queen-rosen-pratta-cabecera-issey-976219-2/p,2025-10-02T20:46:53,,3.0,3.0
wong.pe,Gel Anti Imperfecciones Bioderma Sebium Kerato+ 30ml,92,70,115,90,https://www.wong.pe/gel-anti-imperfecciones-bioderma-sebium-kerato-30ml-1001752/p,2025-10-02T20:47:02,,92.7,115.9
wong.pe,Libreta Artesco Anillada con Liga Florencia,22,90,,,https://www.wong.pe/libreta-artesco-anillada-con-liga-florencia-1014936/p,2025-10-02T20:47:11,,22.9,
wong.pe,Blueberry Extra Wong 250g,9,89,,,https://www.wong.pe/blueberry-extra-wong-250g-1038143/p,2025-10-02T20:47:18,,9.89,
wong.pe,Vino Tinto Blend Silk & Spice Spice Road Botella 750ml,99,90,,,https://www.wong.pe/vino-tinto-blend-silk-spice-spice-road-botella-750ml-1009427-2/p,2025-10-02T20:47:26,,99.9,
wong.pe,Felix Travesuras Bocaditos para Gato Original Mix Doypack 60 gr,14,20,,,https://www.wong.pe/felix-travesuras-bocaditos-para-gato-original-mix-doypack-60-gr/p,2025-10-02T20:47:33,,14.2,
wong.pe,Agua Micelar Garnier Skin Active Agua de Rosas 400ml,50,50,,,https://www.wong.pe/agua-micelar-garnier-skin-active-agua-de-rosas-400ml-1036848/p,2025-10-02T20:47:42,,50.5,
wong.pe,Multipack Evolución x3 Figuras Ro Da De Pokémon,159,90,,,https://www.wong.pe/multipack-evolucion-x3-figuras-ro-da-de-pokemon-1009298/p,2025-10-02T20:47:46,,159.9,
wong.pe,Batea Moises # 15,8,90,,,https://www.wong.pe/batea-moises-15-478654-2/p,2025-10-02T20:47:54,,8.9,
wong.pe,Chocolate con Leche La Ibérica Alpaca 90g,23,30,,,https://www.wong.pe/chocolate-con-leche-la-iberica-alpaca-90g-1018962/p,2025-10-02T20:48:02,,23.3,
wong.pe,Indurama Extractor de Jugos 1.1 Lt EI-CR 2 Velocidades,239,00,,,https://www.wong.pe/indurama-extractor-de-jugos-1-1-lt-ei-cr-2-velocidades-2/p,2025-10-02T20:48:10,,239.0,
wong.pe,Tamal Chinchano Tamal Tabien x un,8,90,,,https://www.wong.pe/tamal-chinchano-tamal-tabien-x-un-996625/p,2025-10-02T20:48:19,,8.9,
wong.pe,Ambientador Spray Boles D'Olor Sandia 100ml,49,90,,,https://www.wong.pe/ambientador-spray-boles-d-olor-sandia-100ml/p,2025-10-02T20:48:27,,49.9,
wong.pe,Insecticida en Polvo Mata Hormigas 30 g,5,99,,,https://www.wong.pe/insecticida-en-polvo-mata-hormigas-30-g/p,2025-10-02T20:48:35,,5.99,
wong.pe,Vino Tinto Merlot Reserva Viu Manent Botella 750ml,82,90,,,https://www.wong.pe/vino-tinto-merlot-reserva-viu-manent-botella-750ml-23956/p,2025-10-02T20:48:44,,82.9,
wong.pe,,,,,,https://www.wong.pe/whisky-chivas-regal-12-a-os-700ml-ron-havana-club-7-a-os-700ml-1026691/p,2025-10-02T20:48:52,,,
wong.pe,Termómetro de Baño Suavinex Verde,49,90,,,https://www.wong.pe/termometro-de-bano-suavinex-verde-1019654/p,2025-10-02T20:48:59,,49.9,
wong.pe,Cuisine & Co Hierba Luisa para Infusión Caja 20 unid,3,20,,,https://www.wong.pe/cuisine-co-hierba-luisa-para-infusion-caja-20-unid/p,2025-10-02T20:49:07,,3.2,
wong.pe,Beanie Boos Nori Narval Regular 36216 Ty,29,90,,,https://www.wong.pe/beanie-boos-nori-narval-regular-36216-ty-1003842-2/p,2025-10-02T20:49:14,,29.9,
wong.pe,Fideos de Gluten Age Espinaca 250g,27,80,,,https://www.wong.pe/fideos-de-gluten-age-espinaca-250g-3314-2/p,2025-10-02T20:49:22,,27.8,
wong.pe,Acondicionador Frizz Ease Dream Curls John Frieda Tubo 250 ml,46,40,,,https://www.wong.pe/acondicionador-frizz-ease-dream-curls-john-frieda-tubo-250-ml-2-2/p,2025-10-02T20:49:29,,46.4,
wong.pe,Cama Balanzze con Cajones 1.5 Plazas Gris,1,00,2,00,https://www.wong.pe/cama-balanzze-con-cajones-1-5-plazas-gris-992186/p,2025-10-02T20:49:37,,1.0,2.0
wong.pe,Aspiradora Thomas Inalámbrica Th-1025,449,00,,,https://www.wong.pe/aspiradora-thomas-inalambrica-th-1025-1018859/p,2025-10-02T20:49:46,,449.0,
wong.pe,Cama Europea 2 Plazas Rosen Driven,2,00,3,00,https://www.wong.pe/cama-europea-2-plazas-rosen-driven/p,2025-10-02T20:49:54,,2.0,3.0
wong.pe,Vino Tinto Malbec Nieto Senetiner Patrimonial Botella 750ml,129,90,,,https://www.wong.pe/vino-tinto-malbec-nieto-senetiner-patrimonial-botella-750ml-268101/p,2025-10-02T20:50:02,,129.9,
wong.pe,Alcohol Etílico 96° Erza Botella 500 ml,9,40,,,https://www.wong.pe/alcohol-etilico-96-erza-botella-500-ml-2-2/p,2025-10-02T20:50:11,,9.4,
wong.pe,Verduras para Sopa Wantán 200g,15,00,,,https://www.wong.pe/verduras-para-sopa-want-n-200g-996246-2/p,2025-10-02T20:50:19,,15.0,
wong.pe,Dino Jurásico Luminoso Sorpresa Smashers,19,90,,,https://www.wong.pe/dino-jurasico-luminoso-sorpresa-smashers-1034158/p,2025-10-02T20:50:27,,19.9,
wong.pe,Juego de Cubiertos Krea Dorado 16 Piezas,44,90,88,99,https://www.wong.pe/juego-de-cubiertos-krea-dorado-16-piezas-970994-2/p,2025-10-02T20:50:35,,44.9,88.99
wong.pe,Champiñones Gourmet Valle Fértil Frasco 310 g,18,50,,,https://www.wong.pe/champinones-gourmet-valle-fertil-frasco-310-g-40596/p,2025-10-02T20:50:43,,18.5,
wong.pe,Helado Snow Bird Fresh 110ml,7,90,,,https://www.wong.pe/helado-snow-bird-fresh-110ml/p,2025-10-02T20:50:52,,7.9,
wong.pe,Yogurt Griego La Abuela Natural 1 kg,29,90,,,https://www.wong.pe/yogurt-griego-la-abuela-natural-1-kg-2-2/p,2025-10-02T20:51:00,,29.9,
wong.pe,MIS PRIMERAS LLAVES,19,90,49,90,https://www.wong.pe/mis-primeras-llaves-kidsn-play-985913-2/p,2025-10-02T20:51:08,,19.9,49.9
wong.pe,Envase de Plástico 600 ml,16,99,,,https://www.wong.pe/envase-de-plastico-600-ml-101972-2/p,2025-10-02T20:51:16,,16.99,
wong.pe,Aceituna Verde Deshuesada Olivalle 160g,4,50,,,https://www.wong.pe/aceituna-verde-deshuesada-olivalle-160g-417443/p,2025-10-02T20:51:24,,4.5,
wong.pe,Torta Tres Leches Fresa y Coco 10 Porciones,49,90,,,https://www.wong.pe/torta-tres-leches-fresa-y-coco-10-porciones/p,2025-10-02T20:51:33,,49.9,
wong.pe,Chocolate Vizzio Grageas Mix 122g,10,90,,,https://www.wong.pe/chocolate-vizzio-grageas-mix-122g-1004808-2/p,2025-10-02T20:51:40,,10.9,
wong.pe,Microondas Digital Samsung Mwo Grill 23 LTS Negro,459,00,549,00,https://www.wong.pe/microondas-digital-samsung-mwo-grill-23-lts-negro-1014694/p,2025-10-02T20:51:49,,459.0,549.0
wong.pe,Gaseosa Coca Cola Sin Azúcar Lata 350ml,6,90,,,https://www.wong.pe/gaseosa-coca-cola-sin-az-car-lata-350ml-1033173/p,2025-10-02T20:51:56,,6.9,
wong.pe,Juego de Sabana Lisa 1.5 Plaza 144H Polialgodón Aqua,89,39,148,99,https://www.wong.pe/juego-de-sabana-lisa-1-5-plaza-144h-polialgodon-aqua-1034773/p,2025-10-02T20:52:05,,89.39,148.99
wong.pe,Tripack Trozos de Atún en Aceite Primor 140g,,,,,https://www.wong.pe/tripack-trozos-de-at-n-en-aceite-primor-140g-1038128/p,2025-10-02T20:52:13,,,
wong.pe,Sopa Instantánea Neogury Mariscos Picantes 120g,7,90,,,https://www.wong.pe/sopa-instant-nea-neogury-mariscos-picantes-120g-4993/p,2025-10-02T20:52:22,,7.9,
wong.pe,Torta Helada de Duraznos 10 Porciones,23,90,39,90,https://www.wong.pe/torta-helada-de-duraznos-10-porciones-759111/p,2025-10-02T20:52:30,,23.9,39.9
wong.pe,Thermos para Alimentos Alta Blanco 530ml,155,33,233,90,https://www.wong.pe/thermos-para-alimentos-alta-blanco-530ml1041032/p,2025-10-02T20:52:38,,155.33,233.9
wong.pe,Fondos de Alcachofa Valle Fertil Frasco 410 g,26,90,,,https://www.wong.pe/fondos-de-alcachofa-valle-fertil-frasco-410-g-143829/p,2025-10-02T20:52:43,,26.9,
wong.pe,Cabecera Novo Paraíso Gris 2 Plazas,179,00,309,00,https://www.wong.pe/cabecera-novo-paraiso-gris-2-plazas-978529/p,2025-10-02T20:52:50,,179.0,309.0
wong.pe,Rabanito Baby Hidropónico de Invernadero Ecologic Bandeja 250g,5,80,6,20,https://www.wong.pe/rabanito-baby-hidroponico-de-invernadero-ecologic-bandeja-250g-755917-2/p,2025-10-02T20:52:59,,5.8,6.2
wong.pe,Yogurt Bebible Gloria Slim Fresa Botella 1kg,7,50,,,https://www.wong.pe/yogurt-bebible-gloria-slim-fresa-botella-1kg-470596001/p,2025-10-02T20:53:06,,7.5,
wong.pe,TuHome Espejo Salerno 60 x 60 cm,189,90,349,90,https://www.wong.pe/tuhome-espejo-salerno-60-x-60-cm/p,2025-10-02T20:53:15,,189.9,349.9
wong.pe,Aflojatodo Vistony Super Spray 296ml,15,90,,,https://www.wong.pe/aflojatodo-vistony-super-spray-296ml-758430-2/p,2025-10-02T20:53:22,,15.9,
wong.pe,Filete de Pierna Artisan x Kg.  Libre de Antibióticos,43,35,,,https://www.wong.pe/filete-de-pierna-artisan-x-kg-libre-de-antibioticos-2-2/p,2025-10-02T20:53:31,,43.35,
wong.pe,Sabanas Brickell Satinadas Stripe 2Plazas Blanca,29,90,59,99,https://www.wong.pe/sabanas-brickell-satinadas-stripe-2plazas-blanca-1040647/p,2025-10-02T20:53:39,,29.9,59.99
wong.pe,Lighty Candles Velas Palabritas Caja 15 unid,6,90,,,https://www.wong.pe/lighty-candles-velas-palabritas-caja-15-unid-2/p,2025-10-02T20:53:46,,6.9,
wong.pe,Vino Tinto Tempranillo Gran Reserva Lan Botella 750ml,134,90,189,90,https://www.wong.pe/vino-tinto-tempranillo-gran-reserva-lan-botella-750ml-115455/p,2025-10-02T20:53:55,,134.9,189.9
wong.pe,Auto Premium Culture Surtido,34,99,,,https://www.wong.pe/auto-premium-culture-surtido-2/p,2025-10-02T20:54:04,,34.99,
wong.pe,Toallitas Purificantes Asepxia Carbón Detox 25un,22,20,,,https://www.wong.pe/toallitas-purificantes-asepxia-carbon-detox-25un-2-2/p,2025-10-02T20:54:11,,22.2,
wong.pe,Pisco Moscatel Biondi Botella 500ml,63,90,82,90,https://www.wong.pe/pisco-moscatel-biondi-botella-500ml-215983/p,2025-10-02T20:54:19,,63.9,82.9
wong.pe,Agua Sin Gas Cielo Bidón 7 L,6,90,7,50,https://www.wong.pe/agua-sin-gas-cielo-bidon-7-l-286135/p,2025-10-02T20:54:27,,6.9,7.5
wong.pe,Alimento para Gatos Esterilizados Purina One Pollo y Salmón 2kg,84,20,,,https://www.wong.pe/alimento-para-gatos-esterilizados-purina-one-pollo-y-salmon-2kg/p,2025-10-02T20:54:35,,84.2,
wong.pe,Licor Bottega Capuccino Botella 500ml,81,90,,,https://www.wong.pe/licor-bottega-capuccino-botella-500ml-1022995/p,2025-10-02T20:54:43,,81.9,
wong.pe,Libro Minutos Cuentos de Animales,39,90,,,https://www.wong.pe/libro-minutos-cuentos-de-animales-1001845/p,2025-10-02T20:54:51,,39.9,
wong.pe,Almeja en Malla x 6 Unid,13,90,,,https://www.wong.pe/almeja-en-malla-x-6-unid-2-2/p,2025-10-02T20:54:57,,13.9,
wong.pe,Salsa de Soya Clara Jade Bridge 500ml,21,90,,,https://www.wong.pe/salsa-de-soya-clara-jade-bridge-500ml-992577-2/p,2025-10-02T20:55:04,,21.9,
wong.pe,Fudge Heladero Bazo Velarde 550g,18,50,,,https://www.wong.pe/fudge-heladero-bazo-velarde-550g-48234003/p,2025-10-02T20:55:12,,18.5,
wong.pe,Gomitas Mogul Extreme Sandía 80g,4,90,,,https://www.wong.pe/gomitas-mogul-extreme-sandia-80g-995275-2/p,2025-10-02T20:55:20,,4.9,
wong.pe,Cocktail Cipriani Bellini Botella 200ml,40,90,,,https://www.wong.pe/cocktail-cipriani-bellini-botella-200ml-1016354/p,2025-10-02T20:55:27,,40.9,
wong.pe,Pack 3 Dinosaurios Vehículo Pullback Jurassic,79,90,,,https://www.wong.pe/pack-3-dinosaurios-vehiculo-pullback-jurassic-1038313/p,2025-10-02T20:55:36,,79.9,
wong.pe,Pasta Reggia Fusilli Tricolor 500g,13,90,,,https://www.wong.pe/pasta-reggia-fusilli-tricolor-500g-1014158/p,2025-10-02T20:55:44,,13.9,
wong.pe,Colchón Ergonómico para Pack and Play Premium Grande Rosado,269,90,,,https://www.wong.pe/colchon-ergonomico-para-pack-and-play-premium-grande-rosado-922896/p,2025-10-02T20:55:51,,269.9,
wong.pe,Combo Empanada Cocktail de Carne 2un,4,90,,,https://www.wong.pe/combo-empanada-cocktail-de-carne-2un-1042554/p,2025-10-02T20:55:57,,4.9,
wong.pe,Comedero Pretty Pet Trapecio Talla S,159,00,,,https://www.wong.pe/comedero-pretty-pet-trapecio-talla-s-989655/p,2025-10-02T20:56:04,,159.0,
wong.pe,Pasta de Arroz Spaghetti Sin Gluten El Dorado Bolsa 250 g,16,90,,,https://www.wong.pe/pasta-de-arroz-spaghetti-sin-gluten-el-dorado-bolsa-250-g-2/p,2025-10-02T20:56:13,,16.9,
wong.pe,Biberón Avent Anticólico con Válvula 125ml,54,00,,,https://www.wong.pe/biberon-avent-anticolic-con-valvula-125ml-1014149/p,2025-10-02T20:56:21,,54.0,
wong.pe,Alimento Húmedo para Gatos Fancy Feast Salmón 85g,7,70,,,https://www.wong.pe/alimento-humedo-para-gatos-fancy-feast-salmon-85g-2/p,2025-10-02T20:56:29,,7.7,
wong.pe,Cojin Outzen Reposera Liso Crudo,199,90,249,90,https://www.wong.pe/cojin-outzen-reposera-liso-crudo-1035127/p,2025-10-02T20:56:39,,199.9,249.9
wong.pe,Vaso Yogurt Stitch Vibes,21,99,,,https://www.wong.pe/vaso-yogurt-stitch-vibes-1040247/p,2025-10-02T20:56:44,,21.99,
wong.pe,Two Pack Pepsi 3 L c/u,17,40,,,https://www.wong.pe/two-pack-pepsi-3-l-c-u-520835/p,2025-10-02T20:56:52,,17.4,
wong.pe,Pollo Teriyaki Wong Ready Con Arroz Oriental Bandeja 370 g,17,90,,,https://www.wong.pe/pollo-teriyaki-wong-ready-con-arroz-oriental-bandeja-370-g-2/p,2025-10-02T20:57:00,,17.9,
wong.pe,Waffer Loacker Classic Cremkakao 175g,19,90,,,https://www.wong.pe/waffer-loacker-classic-cremkakao-175g-1019425002/p,2025-10-02T20:57:08,,19.9,
wong.pe,Salchichón Cervecero Casa Europa Paquete 390 g,27,90,,,https://www.wong.pe/salchichon-cervecero-casa-europa-paquete-390-g-2/p,2025-10-02T20:57:16,,27.9,
wong.pe,Sal de Maras Semi Gruesa Oli21 650g,10,20,,,https://www.wong.pe/sal-de-maras-semi-gruesa-oli21-650g-1032393/p,2025-10-02T20:57:23,,10.2,
wong.pe,Croissant Precocido Don Mamino 6un,10,90,,,https://www.wong.pe/croissant-precocido-don-mamino-6un-1006837-2/p,2025-10-02T20:57:31,,10.9,
wong.pe,Vaso Stanley Adventure Big Grip 700ml Polar,119,90,,,https://www.wong.pe/vaso-stanley-adventure-big-grip-700ml-polar-982332/p,2025-10-02T20:57:39,,119.9,
wong.pe,Cama Cozy Pet's Fun Rosa S,49,99,,,https://www.wong.pe/cama-cozy-pet-s-fun-rosa-s-2/p,2025-10-02T20:57:49,,49.99,
wong.pe,Arena para Gatos Pet's Fun 5 Kg,11,90,14,90,https://www.wong.pe/arena-para-gatos-pets-fun-5-kg-983201-2/p,2025-10-02T20:57:55,,11.9,14.9
wong.pe,Helado Snow Bird N-RGY 110ml,7,90,,,https://www.wong.pe/helado-snow-bird-n-rgy-110ml/p,2025-10-02T20:58:03,,7.9,
wong.pe,Suavizante de Telas Home Care Lavanda 3L,18,90,22,50,https://www.wong.pe/suavizante-de-telas-home-care-lavanda-3l-1011400/p,2025-10-02T20:58:11,,18.9,22.5
wong.pe,Cuchillo de Carne Krea 20cm,9,90,15,99,https://www.wong.pe/cuchillo-de-carne-krea-20cm/p,2025-10-02T20:58:20,,9.9,15.99
wong.pe,Pañales para Bebé Babysec Premium Talla G 72un,54,50,60,50,https://www.wong.pe/panales-para-bebe-babysec-premium-talla-g-72un-980096-2/p,2025-10-02T20:58:28,,54.5,60.5
wong.pe,Mascara de Héroe Batman,34,90,,,https://www.wong.pe/mascara-de-heroe-batman-1008906/p,2025-10-02T20:58:35,,34.9,
wong.pe,Portabotella Reyplast Smart,15,99,,,https://www.wong.pe/portabotella-reyplast-smart-1017534/p,2025-10-02T20:58:42,,15.99,
wong.pe,Hamburguesa de Cerdo Finas Hierbas Terraza Grill 4un,32,90,36,90,https://www.wong.pe/hamburguesa-de-cerdo-finas-hierbas-terraza-grill-4un/p,2025-10-02T20:58:50,,32.9,36.9
wong.pe,Xilófono Musical Bebe Happy Valley,25,90,59,90,https://www.wong.pe/xilofono-musical-bebe-happy-valley-1014207/p,2025-10-02T20:58:58,,25.9,59.9
wong.pe,Paraíso Colchón Pocket Star 2 Plazas + 2 Almohadas + Protector,819,00,1,00,https://www.wong.pe/paraiso-colchon-pocket-star-2-plazas-2-almohadas-protector-763004-2-2/p,2025-10-02T20:59:05,,819.0,1.0
wong.pe,Cafetera Pedrini Moka Italiana Asa Negra 6 Tazas,103,92,129,90,https://www.wong.pe/cafetera-pedrini-moka-italiana-asa-negra-6-tazas-969577-2/p,2025-10-02T20:59:13,,103.92,129.9
wong.pe,Huevo Sorpresa Kinder Joy 20g Sorpresa,9,50,,,https://www.wong.pe/huevo-sorpresa-kinder-joy-20g-sorpresa-2/p,2025-10-02T20:59:21,,9.5,
wong.pe,Pisco Quebranta Viejo Tonel Botella 500ml,75,90,,,https://www.wong.pe/pisco-quebranta-viejo-tonel-botella-500ml-189504/p,2025-10-02T20:59:30,,75.9,
wong.pe,Hervidor Thomas Th-5415I,119,00,159,00,https://www.wong.pe/hervidor-thomas-th-5415i-1038067/p,2025-10-02T20:59:36,,119.0,159.0
wong.pe,Casa Gato Pet's Fun 54x41x38cm,149,90,,,https://www.wong.pe/casa-gato-pets-fun-54x41x38cm-1024011/p,2025-10-02T20:59:44,,149.9,
wong.pe,Tripack Espumante Rosé Riccadonna Moscato Semi Dulce Botella 750ml,,,,,https://www.wong.pe/tripack-espumante-rose-riccadonna-moscato-semi-dulce-botella-750ml-1007127-2/p,2025-10-02T20:59:51,,,
wong.pe,Ají Charapita Ardiente Igunza 250g,7,90,10,50,https://www.wong.pe/aj-charapita-ardiente-igunza-250g-1040478/p,2025-10-02T20:59:58,,7.9,10.5
wong.pe,Chocolate Bitter La Ibérica Fondant Tableta 40 g,8,80,,,https://www.wong.pe/chocolate-bitter-la-iberica-fondant-tableta-40-g-396381/p,2025-10-02T21:00:07,,8.8,
wong.pe,Colchón 2 Plazas Forli Polaris + Almohadas,479,00,589,00,https://www.wong.pe/colchon-2-plazas-forli-polaris-almohadas-710308/p,2025-10-02T21:00:16,,479.0,589.0
wong.pe,Libro Sopa Letras Dgeditorial,8,90,,,https://www.wong.pe/libro-sopa-letras-dgeditorial-1008512-2/p,2025-10-02T21:00:21,,8.9,
wong.pe,Portacepillo Krea Plástico Textura Blanco,3,00,9,99,https://www.wong.pe/portacepillo-krea-plastico-te-tura-blanco-1010686/p,2025-10-02T21:00:28,,3.0,9.99
wong.pe,Alfajor de Pie de Limón Nestlé el Manjar 14un.,16,50,,,https://www.wong.pe/alfajor-de-pie-de-limon-nestle-el-manjar-14un-2/p,2025-10-02T21:00:36,,16.5,
wong.pe,Enrollado de Pollo con Damasco Artisan,54,90,,,https://www.wong.pe/enrollado-de-pollo-con-damasco-artisan-1014152/p,2025-10-02T21:00:43,,54.9,
wong.pe,Freidora de Aire Philips NA220/00,349,90,,,https://www.wong.pe/freidora-de-aire-philips-na220-001041689/p,2025-10-02T21:00:51,,349.9,
wong.pe,Base Líquida Super Stay Full Coverage Maybelline Tono Classic Ivory,79,90,,,https://www.wong.pe/base-liquida-super-stay-full-coverage-maybelline-tono-classic-ivory-2-2/p,2025-10-02T21:00:59,,79.9,
wong.pe,Vino Tinto Blend Ruffino Chianti Botella 750ml,92,90,,,https://www.wong.pe/vino-tinto-blend-ruffino-chianti-botella-750ml-29493/p,2025-10-02T21:01:07,,92.9,
wong.pe,Salsa para Pizza The Fresh Market 425g,8,90,,,https://www.wong.pe/salsa-para-pizza-the-fresh-market-425g-989898-2/p,2025-10-02T21:01:15,,8.9,
wong.pe,Compota de Fresas Fondo Montebello 40g,15,90,,,https://www.wong.pe/compota-de-fresas-fondo-montebello-40g-1022363003/p,2025-10-02T21:01:23,,15.9,
wong.pe,Chorizo Finas Hierbas Terraza Grill Caja 560 g,33,90,37,90,https://www.wong.pe/chorizo-finas-hierbas-terraza-grill-caja-560-g-2/p,2025-10-02T21:01:30,,33.9,37.9
wong.pe,Crema Depilatoria Depilé for Men Bajo la Ducha Piel Normal 200ml,38,80,,,https://www.wong.pe/crema-depilatoria-depile-for-men-bajo-la-ducha-piel-normal-200ml-1011493/p,2025-10-02T21:01:38,,38.8,
wong.pe,Olla Facusa de Acero Inoxidable 20cm,60,90,,,https://www.wong.pe/olla-facusa-de-acero-inoxidable-20cm-1023416/p,2025-10-02T21:01:47,,60.9,
wong.pe,Jamón de Pechuga de Pavo Ahumado Braedt Paquete 200 g,19,90,,,https://www.wong.pe/jamon-de-pechuga-de-pavo-ahumado-braedt-paquete-200-g-2/p,2025-10-02T21:01:54,,19.9,
wong.pe,Pack Chilcanero Finca Rotondo,40,90,41,90,https://www.wong.pe/pack-chilcanero-finca-rotondo-986319-2/p,2025-10-02T21:02:02,,40.9,41.9
wong.pe,Toalla Mano Krea 50x70cm 400gsm Gris Oscuro,9,90,12,99,https://www.wong.pe/toalla-mano-krea-50-70cm-400gsm-gris-oscuro-1034829/p,2025-10-02T21:02:10,,9.9,12.99
wong.pe,Yogurt Tradicional La Abuela Natural 1kg,23,90,,,https://www.wong.pe/yogurt-tradicional-la-abuela-natural-1kg-2-2/p,2025-10-02T21:02:17,,23.9,
wong.pe,Vaso para Cerveza Stanley Prismatic Pilsner 445ml Pale Stone,111,90,,,https://www.wong.pe/vaso-para-cerveza-stanley-prismatic-pilsner-445ml-pale-stone-1009339/p,2025-10-02T21:02:26,,111.9,
wong.pe,Rompecabezas Clementoni Oriental 500 piezas,29,90,59,90,https://www.wong.pe/rompecabezas-clementoni-oriental-500-piezas-1022708/p,2025-10-02T21:02:35,,29.9,59.9
wong.pe,Chorizo Argentino Angus Terraza Grill Caja 560 g,34,90,38,90,https://www.wong.pe/chorizo-argentino-angus-terraza-grill-caja-560-g-2/p,2025-10-02T21:02:43,,34.9,38.9
wong.pe,Pila de Aritos Fisher-Price,34,90,,,https://www.wong.pe/pila-de-aritos-fisher-price-1012954/p,2025-10-02T21:02:52,,34.9,
wong.pe,Mantel Krea Print Nativa 150x210cm,26,90,89,99,https://www.wong.pe/mantel-krea-print-nativa-150-210cm-1019944/p,2025-10-02T21:03:00,,26.9,89.99
wong.pe,Vino Tinto Malbec Famiglia Bianchi Botella 750ml,94,90,,,https://www.wong.pe/vino-tinto-malbec-famiglia-bianchi-botella-750ml-479516002/p,2025-10-02T21:03:09,,94.9,
wong.pe,Crema de Noche Eucerin Hyaluron Filler + Elasticity 50ml,144,70,192,90,https://www.wong.pe/crema-de-noche-eucerin-hyaluron-filler-elasticity-50ml-1048453/p,2025-10-02T21:03:16,,144.7,192.9
wong.pe,Salsa de Soya Ligera Jade Bridge Sin Aditivos 500ml,26,90,,,https://www.wong.pe/salsa-de-soya-ligera-jade-bridge-sin-aditivos-500ml-992579-2/p,2025-10-02T21:03:24,,26.9,
wong.pe,Microondas Digital Samsung Mwo Solo 32 LTS Inox,449,00,599,00,https://www.wong.pe/microondas-digital-samsung-mwo-solo-32-lts-inox-1014702/p,2025-10-02T21:03:32,,449.0,599.0
wong.pe,Disfraz Camuflado Talla 4,69,90,99,90,https://www.wong.pe/disfraz-camuflado-talla-4-1010197/p,2025-10-02T21:03:40,,69.9,99.9
wong.pe,Molde Krea para Pan Antiadherente,11,90,19,99,https://www.wong.pe/molde-krea-para-pan-antiadherente-1020222/p,2025-10-02T21:03:49,,11.9,19.99
wong.pe,Frambuesas con Chocolate Amargo + Chocolate Blanco Franuí 150g,22,90,,,https://www.wong.pe/frambuesas-con-chocolate-amargo-chocolate-blanco-franui-150g-1028983/p,2025-10-02T21:03:57,,22.9,
wong.pe,Toallitas Húmedas para Bebés WaterWipes 180un,51,90,,,https://www.wong.pe/toallitas-humedas-para-bebes-waterwipes-180un-887937-2/p,2025-10-02T21:04:06,,51.9,
wong.pe,Olluquito Wong Ready Bolsa 800 g,26,50,,,https://www.wong.pe/olluquito-wong-ready-bolsa-800-g-2/p,2025-10-02T21:04:13,,26.5,
wong.pe,Desinfectante para Pisos Lysol Limón 3.8L,42,50,,,https://www.wong.pe/desinfectante-para-pisos-lysol-lim-n-3-8l-791487001-2/p,2025-10-02T21:04:20,,42.5,
wong.pe,Ají Criollo Wong Pote 250 g,9,90,,,https://www.wong.pe/aji-criollo-wong-pote-250-g-2/p,2025-10-02T21:04:28,,9.9,
wong.pe,Imaco Sandwich Maker Negro IST101N,69,90,89,00,https://www.wong.pe/imaco-sandwich-maker-negro-ist101n/p,2025-10-02T21:04:36,,69.9,89.0
wong.pe,Carne Molida de Cerdo x kg,29,90,,,https://www.wong.pe/carne-molida-de-cerdo-x-kg-114741-2/p,2025-10-02T21:04:44,,29.9,
wong.pe,Jarra Filtrante de Agua Vigahome Estándar,119,00,,,https://www.wong.pe/jarra-filtrante-de-agua-vigahome-est-ndar-1010917/p,2025-10-02T21:04:51,,119.0,
wong.pe,Cable Tipo C A Tipo C Berni-101,8,90,19,90,https://www.wong.pe/cable-tipo-c-a-tipo-c-berni-101-1005150/p,2025-10-02T21:04:59,,8.9,19.9
wong.pe,Cama Europea Rosen Path Café New West Café 1.5 Plazas,2,00,2,00,https://www.wong.pe/cama-europea-paraiso-path-cafe-new-west-cafe-1-5-plazas-1013518/p,2025-10-02T21:05:08,,2.0,2.0
wong.pe,Fórmula de Crecimiento en Polvo Similac 3 2.1kg,194,30,,,https://www.wong.pe/f-rmula-de-crecimiento-en-polvo-similac-3-2-1kg-768107/p,2025-10-02T21:05:16,,194.3,
wong.pe,Vela Bakery Craftss Glitter Rosado 12un,6,99,,,https://www.wong.pe/vela-bakery-craftss-glitter-rosado-12un-986971-2/p,2025-10-02T21:05:25,,6.99,
wong.pe,Vela Krea Mundo 1 Lila,6,90,14,99,https://www.wong.pe/vela-krea-mundo-1-lila-1020887/p,2025-10-02T21:05:33,,6.9,14.99
wong.pe,Peluches surtidos de Personajes de Sonic Surtido,49,90,69,90,https://www.wong.pe/peluches-surtidos-de-personajes-de-sonic-surtido-999010-2/p,2025-10-02T21:05:41,,49.9,69.9
wong.pe,Bebida Nutricional en Polvo Vainilla Andean Nunatura Doypack 200 g,13,80,,,https://www.wong.pe/bebida-nutricional-en-polvo-vainilla-andean-nunatura-doypack-200-g-2/p,2025-10-02T21:05:50,,13.8,
wong.pe,Galletas de Arroz Costeño Dulce 50g,2,10,,,https://www.wong.pe/galletas-de-arroz-coste-o-dulce-50g-996281002-2/p,2025-10-02T21:05:58,,2.1,
wong.pe,Colchón Paraíso Pocket Star Queen + 2 Almohadas + Protector,749,00,1,00,https://www.wong.pe/colchon-paraiso-pocket-star-queen-2-almohadas-protector-953504/p,2025-10-02T21:06:07,,749.0,1.0
wong.pe,Ramo de Flores x un,9,90,,,https://www.wong.pe/ramo-de-flores-x-un-770970-2/p,2025-10-02T21:06:15,,9.9,
wong.pe,Gomitas Ambrosía 90g,3,00,,,https://www.wong.pe/gomitas-ambrosia-90g-1048529/p,2025-10-02T21:06:24,,3.0,
wong.pe,Pan de Carretera con Aceitunas Pancitos del Sur 6un,26,90,,,https://www.wong.pe/pan-de-carretera-con-aceitunas-pancitos-del-sur-6un-971420-2/p,2025-10-02T21:06:33,,26.9,
wong.pe,Agua Sin Gas Cuisine & Co Botella 625ml,1,30,,,https://www.wong.pe/agua-sin-gas-cuisine-co-botella-625ml-786953-2/p,2025-10-02T21:06:41,,1.3,
wong.pe,Lego Duplo 10967 Motocicleta de Policía 5pzs,79,90,,,https://www.wong.pe/lego-duplo-10967-motocicleta-de-polic-a-5pzs/p,2025-10-02T21:06:45,,79.9,
wong.pe,Estadio BeyBlade X Drop Attack,299,90,,,https://www.wong.pe/estadio-beyblade-x-drop-attack-1038397/p,2025-10-02T21:06:52,,299.9,
wong.pe,Pimienta Roja Picada Badia Sobre 0.5 Onzas,4,70,,,https://www.wong.pe/pimienta-roja-picada-badia-sobre-0-5-onzas-272051/p,2025-10-02T21:07:00,,4.7,
wong.pe,Cuaderno College Croly Magic World 80 Hojas,6,50,,,https://www.wong.pe/cuaderno-college-croly-magic-world-80-hojas-1003586-2/p,2025-10-02T21:07:08,,6.5,
wong.pe,Motor Extreme Moto a Control Remoto 1:10 Surtido,59,90,129,90,https://www.wong.pe/motor-extreme-moto-a-control-remoto-1-10-surtido-784699-2/p,2025-10-02T21:07:16,,59.9,129.9
wong.pe,Pila Energizer Max Aax-16,41,90,,,https://www.wong.pe/pila-energizer-max-aax-16-1014249/p,2025-10-02T21:07:21,,41.9,
wong.pe,PlayStation Mando Inalámbrico DualSense Gray Camouflage,369,00,,,https://www.wong.pe/playstation-mando-inalambrico-dualsense-gray-camouflage-976544/p,2025-10-02T21:07:29,,369.0,
wong.pe,Set de Frutas de Madera Hape para Cortar 07 Piezas Play,49,00,,,https://www.wong.pe/set-de-frutas-de-madera-hape-para-cortar-07-piezas-play-1027882/p,2025-10-02T21:07:38,,49.0,
wong.pe,Limpiador Pledge Woods Original Mini 275ml,15,80,,,https://www.wong.pe/limpiador-pledge-woods-original-mini-275ml-991967-2/p,2025-10-02T21:07:44,,15.8,
wong.pe,Chocolate Bitter Cuisine & Co Bagua 80g,15,50,,,https://www.wong.pe/chocolate-bitter-cuisine-co-bagua-80g-2/p,2025-10-02T21:07:53,,15.5,
wong.pe,Dormitorio Europea Royal Prince 2 Plazas Champagne,1,00,2,00,https://www.wong.pe/dormitorio-europea-royal-prince-2-plazas-champagne-940846/p,2025-10-02T21:08:00,,1.0,2.0
wong.pe,"PALETA PALETTI 75GR , Chocolate Bitter",11,90,,,https://www.wong.pe/helado-paletti-chocolate-bitter-paleta-75-g-577442005-2/p,2025-10-02T21:08:09,,11.9,
wong.pe,Tripack Filete de Atún en Aceite Florida 140g,20,40,,,https://www.wong.pe/tripack-filete-de-atun-en-aceite-florida-140g-1019219/p,2025-10-02T21:08:13,,20.4,
wong.pe,Camión Transportador Happy Line con 6 Carros,19,90,49,90,https://www.wong.pe/camion-transportador-happy-line-con-6-carros-559090/p,2025-10-02T21:08:22,,19.9,49.9
wong.pe,Sazonador Sobre Gigante 32.4 g,0,70,,,https://www.wong.pe/sazonador-sobre-gigante-32-4-g-2/p,2025-10-02T21:08:29,,0.7,
wong.pe,Cápsulas de Café Starbucks House Blend Americano 12un,41,90,47,40,https://www.wong.pe/c-psulas-de-caf-starbucks-house-blend-americano-12un-782450003-2/p,2025-10-02T21:08:34,,41.9,47.4
wong.pe,Salsa de Soya Japonesa Shoyu Bárcidda 500ml,19,70,,,https://www.wong.pe/salsa-de-soya-japonesa-shoyu-barcidda-500ml-2/p,2025-10-02T21:08:42,,19.7,
wong.pe,,,,,,https://www.wong.pe/blist-boligrafo-artesco-incorrect-fun-2un-1029386/p,2025-10-02T21:08:50,,,
wong.pe,Fuente de Servir Krea Redonda Diseño Azul,40,90,137,99,https://www.wong.pe/fuente-de-servir-krea-redonda-diseno-azul-1020311/p,2025-10-02T21:08:57,,40.9,137.99
wong.pe,Bife Angosto  Osso x kg,154,90,,,https://www.wong.pe/bife-angosto-osso-x-kg-954567/p,2025-10-02T21:09:05,,154.9,
wong.pe,Exprimidor De Limón Metal,30,51,33,90,https://www.wong.pe/exprimidor-de-limon-metal-43186-2/p,2025-10-02T21:09:13,,30.51,33.9
wong.pe,Colchón para Estimulación 67 x 104 cm Rosado Nube,179,90,,,https://www.wong.pe/colchon-para-estimulacion-67-x-104-cm-rosado-nube/p,2025-10-02T21:09:21,,179.9,
wong.pe,Twopack Vodka Absolut Original Botella 1L,,,,,https://www.wong.pe/twopack-vodka-absolut-original-botella-1l-1033673/p,2025-10-02T21:09:28,,,
wong.pe,Espejo Joyero de Pie Krea 153x35x33cm Café,166,90,419,90,https://www.wong.pe/espejo-joyero-de-pie-krea-153-35-33cm-cafe-1021674/p,2025-10-02T21:09:37,,166.9,419.9
wong.pe,Café Molido y Tostado Cuisine & Co 500g,33,90,,,https://www.wong.pe/cafe-molido-y-tostado-cuisine-co-500g/p,2025-10-02T21:09:45,,33.9,
wong.pe,Vehículo Familiar Chilli Bluey,89,90,,,https://www.wong.pe/vehiculo-familiar-chilli-bluey-1034137/p,2025-10-02T21:09:53,,89.9,
wong.pe,Animal Planet Catnip Pájaro Sorpresa,18,90,,,https://www.wong.pe/animal-planet-catnip-pajaro-sorpresa-2-2/p,2025-10-02T21:10:01,,18.9,
wong.pe,Acondicionador Pantene Pro-V Control Caída 400ml,20,90,,,https://www.wong.pe/acondicionador-pantene-pro-v-control-caida-400ml-139344/p,2025-10-02T21:10:09,,20.9,
wong.pe,Spaguetti Nro 5 Cuisine & Co 500g,3,90,,,https://www.wong.pe/spaguetti-nro-5-cuisine-co-500g-569514/p,2025-10-02T21:10:16,,3.9,
wong.pe,Queso Crema de Cabra Natural Duman Pote 150 gr,22,90,,,https://www.wong.pe/queso-crema-de-cabra-natural-duman-pote-150-gr-2-2/p,2025-10-02T21:10:23,,22.9,
wong.pe,Carpeta Artesco Elástico Hello Kitty,14,90,,,https://www.wong.pe/carpeta-artesco-elastico-hello-kitty-1029620/p,2025-10-02T21:10:31,,14.9,
wong.pe,Tajador Vinifan Doble Tambor Blister x1,2,40,,,https://www.wong.pe/tajador-vinifan-doble-tambor-blister-x1-703633/p,2025-10-02T21:10:38,,2.4,
wong.pe,Vino Tinto Pasetti Fonte Romana Botella 750ml,89,90,,,https://www.wong.pe/vino-tinto-pasetti-fonte-romana-botella-750ml-1000709-2/p,2025-10-02T21:10:45,,89.9,
wong.pe,Limpiador Cremoso Sapolio 750ml,10,20,,,https://www.wong.pe/limpiador-cremoso-sapolio-750ml-206761/p,2025-10-02T21:10:54,,10.2,
wong.pe,Vino Tinto Marqués de Riscal Reserva Botella 375 ml,75,90,,,https://www.wong.pe/vino-tinto-marques-de-riscal-reserva-botella-375-ml-293631/p,2025-10-02T21:11:02,,75.9,
wong.pe,Alimento Húmedo para Perros Adultos Pedigree Razas Pequeñas Cordero 100g,3,00,4,30,https://www.wong.pe/alimento-humedo-para-perros-adultos-pedigree-razas-pequenas-cordero-100g-2/p,2025-10-02T21:11:07,,3.0,4.3
wong.pe,Set con 3 Figuras de Dinosaurios en Diseños Surtidos,15,90,39,90,https://www.wong.pe/set-con-3-figuras-de-dinosaurios-en-disenos-surtidos-1035526/p,2025-10-02T21:11:15,,15.9,39.9
wong.pe,Spaghetti Edamame Explore Cuisine Orgánico 227g,26,50,,,https://www.wong.pe/spaghetti-edamame-explore-cuisine-organico-227g-1015502/p,2025-10-02T21:11:23,,26.5,
wong.pe,Vela para Candelabro Krea 20cm Taupe 6un,14,90,24,99,https://www.wong.pe/vela-para-candelabro-krea-20cm-taupe-6un-781493-2/p,2025-10-02T21:11:30,,14.9,24.99
wong.pe,Pack x3 Agua de Piña Golden Botella 485ml,11,89,,,https://www.wong.pe/pack-x3-agua-de-pi-a-golden-botella-485ml-719540/p,2025-10-02T21:11:39,,11.89,
wong.pe,Taza Stanley 24Oz Aerolight Flipstra,182,99,,,https://www.wong.pe/taza-stanley-24oz-aerolight-flipstra-1030748/p,2025-10-02T21:11:47,,182.99,
wong.pe,Pelota Mascota Viniball Pets Pequeña Sweet,7,99,,,https://www.wong.pe/pelota-mascota-viniball-pets-pequena-sweet-2/p,2025-10-02T21:11:56,,7.99,
wong.pe,Juego de Sábanas Krea Bordada 120Gsm Microfibra Olivia King Plaza,49,90,186,99,https://www.wong.pe/juego-de-sabanas-krea-bordada-120gsm-microfibra-olivia-king-plaza-1023292/p,2025-10-02T21:12:01,,49.9,186.99
wong.pe,Bolsa de Basura Virutex Cierre Fácil Pequeña 30L Rollo 20un,10,50,,,https://www.wong.pe/bolsa-de-basura-virutex-cierre-f-cil-peque-a-30l-rollo-20un-938733/p,2025-10-02T21:12:10,,10.5,
wong.pe,Figura de Acción Batman S10 30cm,49,90,,,https://www.wong.pe/figura-de-accion-batman-s10-30cm-1008909/p,2025-10-02T21:12:18,,49.9,
wong.pe,Jugo Cold Pressed de Naranja Ecofresh Botella 1L,14,50,,,https://www.wong.pe/jugo-cold-pressed-de-naranja-ecofresh-botella-1l-2/p,2025-10-02T21:12:26,,14.5,
wong.pe,Bebida Ready to Drink Piscano Limón Lata 355ml,5,50,7,50,https://www.wong.pe/bebida-ready-to-drink-piscano-limon-lata-355ml-1022992/p,2025-10-02T21:12:32,,5.5,7.5
wong.pe,Infusión Orgánica Sunka Luxury Passion Tea 10un.,30,90,,,https://www.wong.pe/infusion-organica-sunka-luxury-passion-tea-10un/p,2025-10-02T21:12:40,,30.9,
wong.pe,Fuente Refractaria Krea Rectangular 1.5L.,14,90,25,99,https://www.wong.pe/fuente-refractaria-krea-rectangular-1-5l-970733-2/p,2025-10-02T21:12:48,,14.9,25.99
wong.pe,Máscara de Pestañas Maybelline Firework Waterproof 10ml,71,90,,,https://www.wong.pe/mascara-de-pestanas-maybelline-firework-waterproof-10ml-1023833/p,2025-10-02T21:12:56,,71.9,
wong.pe,Botella de Agua Krea 1.0L,7,90,12,99,https://www.wong.pe/botella-de-agua-krea-1-0l-1032720/p,2025-10-02T21:13:05,,7.9,12.99
wong.pe,Mantel Algodón Krea 180x180cm Redondo,49,90,82,99,https://www.wong.pe/mantel-algodon-krea-180-180cm-redondo-1032802/p,2025-10-02T21:13:10,,49.9,82.99
wong.pe,Set de Heladería de Madera Hape 20 piezas,119,00,,,https://www.wong.pe/set-de-heladeria-de-madera-hape-20-piezas1042111/p,2025-10-02T21:13:18,,119.0,
wong.pe,Limpiador Multiusos Eco-Amigable Bebé Botella 900 ml,6,90,,,https://www.wong.pe/limpiador-multiusos-eco-amigable-bebe-botella-900-ml-2/p,2025-10-02T21:13:25,,6.9,
wong.pe,Infusión Herbal Bigelow Manzanilla & Lavanda 18un,26,90,,,https://www.wong.pe/infusi-n-herbal-bigelow-manzanilla-lavanda-18un-751901/p,2025-10-02T21:13:31,,26.9,
wong.pe,Alimento Creamy Treats Chicken Recipe 5un,10,90,,,https://www.wong.pe/alimento-creamy-treats-chicken-recipe-5un-1004459-2/p,2025-10-02T21:13:38,,10.9,
wong.pe,Vino Tinto Blend Epico Tempranillo-Malbec Botella 750ml,43,00,,,https://www.wong.pe/vino-tinto-blend-epico-tempranillo-malbec-botella-750ml-433569/p,2025-10-02T21:13:43,,43.0,
wong.pe,Vino Blanco Chardonnay Intipalka Botella 750ml,28,90,39,90,https://www.wong.pe/vino-blanco-chardonnay-intipalka-botella-750ml-350193/p,2025-10-02T21:13:51,,28.9,39.9
wong.pe,Máquina de Afeitar Desechable Schick Quattro YOU Piel Delicada 4un,28,50,,,https://www.wong.pe/m-quina-de-afeitar-desechable-schick-quattro-you-piel-delicada-4un-1040983/p,2025-10-02T21:13:59,,28.5,
wong.pe,Set Balde Happy Line Animales 22 Piezas,19,90,59,90,https://www.wong.pe/set-balde-happy-line-animales-22-piezas-715594/p,2025-10-02T21:14:04,,19.9,59.9
wong.pe,Cocktail De Frutas Arica Lata 820 g,13,90,,,https://www.wong.pe/cocktail-de-frutas-arica-lata-820-g-546406-2/p,2025-10-02T21:14:12,,13.9,
wong.pe,Jugo de Uva Casa de Bento Botella 1L,24,50,,,https://www.wong.pe/jugo-de-uva-casa-de-bento-botella-1l-968251/p,2025-10-02T21:14:20,,24.5,
wong.pe,Vino Tinto Cabernet Sauvignon Trumpeter Botella 750ml,46,90,68,90,https://www.wong.pe/vino-tinto-cabernet-sauvignon-trumpeter-botella-750ml-190800/p,2025-10-02T21:14:29,,46.9,68.9
wong.pe,Porta Snack Avengers,7,99,,,https://www.wong.pe/porta-snack-avengers-1005220/p,2025-10-02T21:14:36,,7.99,
wong.pe,Mix para Emoliente 80g,3,60,,,https://www.wong.pe/mix-para-emoliente-80g-463976/p,2025-10-02T21:14:43,,3.6,
wong.pe,Scotch Deslizadores Redondos 3.5 4un,19,90,26,50,https://www.wong.pe/scotch-deslizadores-redondos-3-5-4un-993338-2/p,2025-10-02T21:14:51,,19.9,26.5
wong.pe,Mango en Trozos El Frutero 1kg,20,50,,,https://www.wong.pe/mango-en-trozos-el-frutero-1kg-998064-2/p,2025-10-02T21:14:59,,20.5,
wong.pe,Dormitorio Su Majestad de Lujo Queen Size Acero,1,00,2,00,https://www.wong.pe/dormitorio-su-majestad-de-lujo-queen-size-acero-922438/p,2025-10-02T21:15:08,,1.0,2.0
wong.pe,Copa Naked de Arándanos,6,90,,,https://www.wong.pe/copa-naked-de-arandanos-964101/p,2025-10-02T21:15:16,,6.9,
wong.pe,Engrapador Colors Artesco M-546 Celeste,16,00,,,https://www.wong.pe/engrapador-colors-artesco-m-546-celeste-978057-2/p,2025-10-02T21:15:28,,16.0,
wong.pe,Cubito Sazonador Maggi Sabor Gallina 25un,5,70,,,https://www.wong.pe/cubito-sazonador-maggi-sabor-gallina-25un-558890001/p,2025-10-02T21:15:36,,5.7,
wong.pe,Máquina de Afeitar Desechable Schick Quattro 4 Titanium 5un,33,80,,,https://www.wong.pe/maquina-de-afeitar-desechable-schick-quattro-4-titanium-5un-1015706/p,2025-10-02T21:15:44,,33.8,
wong.pe,Tripack Jabón en Barra Neko Extra Protección 110g,10,90,,,https://www.wong.pe/tripack-jabon-en-barra-neko-extra-proteccion-110g-1027376/p,2025-10-02T21:15:52,,10.9,
wong.pe,Pasta Spaghetti N°15 Biológica Orgánica La Molisana Paquete 500 g,11,90,,,https://www.wong.pe/pasta-spaghetti-n-15-biologica-organica-la-molisana-paquete-500-g/p,2025-10-02T21:16:00,,11.9,
wong.pe,TuHome Mesa de Centro Fraktal Habano,359,90,589,90,https://www.wong.pe/tuhome-mesa-de-centro-fraktal-habano/p,2025-10-02T21:16:09,,359.9,589.9
wong.pe,Dormitorio Royal Prince 1.5 Plaza Chocolate,1,00,2,00,https://www.wong.pe/dormitorio-royal-prince-1-5-plaza-chocolate-922388/p,2025-10-02T21:16:13,,1.0,2.0
wong.pe,Set Cuchillos Krea Asado 6un,19,90,35,99,https://www.wong.pe/set-cuchillos-krea-asado-6un-970995-2/p,2025-10-02T21:16:22,,19.9,35.99
wong.pe,Estadio Beyblade X Beystadium Portátil,159,90,,,https://www.wong.pe/estadio-beyblade-x-beystadium-portatil-1038387/p,2025-10-02T21:16:29,,159.9,
wong.pe,Vaso Modular Ferrand Long Drink Llano 630ml,10,32,12,90,https://www.wong.pe/vaso-modular-ferrand-long-drink-llano-630ml-1017203/p,2025-10-02T21:16:38,,10.32,12.9
wong.pe,Alisador de Cabello Siegen SG-4715,399,00,,,https://www.wong.pe/siegen-alisador-de-cabello-sg-4715-2/p,2025-10-02T21:16:46,,399.0,
wong.pe,Caramelos Masticables Bubbaloo Sparkies Bolsa 25 g,1,90,,,https://www.wong.pe/caramelos-masticables-bubbaloo-sparkies-bolsa-25-g-5249/p,2025-10-02T21:16:57,,1.9,
wong.pe,Sixpack Galletas con Crema Oreo Original 36g,5,50,,,https://www.wong.pe/sixpack-galletas-con-crema-oreo-original-36g-396880002/p,2025-10-02T21:17:06,,5.5,
wong.pe,Vino Blanco Chardonnay Tesoro Botella 750ml,74,90,,,https://www.wong.pe/vino-blanco-chardonnay-tesoro-botella-750ml-1014025/p,2025-10-02T21:17:14,,74.9,
wong.pe,TuHome Vitrina Classic Color Caramelo,959,90,1,90,https://www.wong.pe/tuhome-vitrina-classic-color-caramelo-2/p,2025-10-02T21:17:22,,959.9,1.9
wong.pe,Pisco Mosto Verde Acholado Cuatro Gallos Colección Artistas 750ml,89,90,132,90,https://www.wong.pe/pisco-mosto-verde-acholado-cuatro-gallos-coleccion-artistas-750ml-509197002/p,2025-10-02T21:17:30,,89.9,132.9
wong.pe,Cereal Zucaritas Milkshake de Fresa 330g,19,00,,,https://www.wong.pe/cereal-zucaritas-milkshake-de-fresa-330g-1000189-2/p,2025-10-02T21:17:38,,19.0,
wong.pe,Protector Solar UV Defender Anti Brillo 40g,64,50,,,https://www.wong.pe/protector-solar-uv-defender-anti-brillo-40g-903394/p,2025-10-02T21:17:44,,64.5,
wong.pe,Toalla de Mano Alaniz Home Linen 100% Algodón 600g,12,90,22,99,https://www.wong.pe/taper-scool-dos-niveles-among-us-510ml-1027474-2/p,2025-10-02T21:17:52,,12.9,22.99
wong.pe,Jamón Pizza Otto Kunz + Queso Edam 340g,16,90,,,https://www.wong.pe/jamon-pizza-otto-kunz-queso-edam-340g-728059-2/p,2025-10-02T21:18:00,,16.9,
wong.pe,Pack x3 Rompecabezas Paw Patrol La Película,49,90,,,https://www.wong.pe/pack-3-rompecabezas-paw-patrol-la-pelicula-997415-2/p,2025-10-02T21:18:09,,49.9,
wong.pe,Paraíso Colchón Pocket Star 1.5 Plazas + Almohada + Protector,599,00,989,90,https://www.wong.pe/paraiso-colchon-pocket-star-1-5-plazas-almohada-protector-945637-2/p,2025-10-02T21:18:17,,599.0,989.9
wong.pe,Aceite Esencial Hana Manzanilla 5ml,143,00,,,https://www.wong.pe/aceite-esencial-hana-manzanilla-5ml-980282/p,2025-10-02T21:18:25,,143.0,
wong.pe,Vino Blanco Chardonnay Vittoria Botella 750ml,31,90,,,https://www.wong.pe/vino-blanco-chardonnay-vittoria-botella-750ml-514247/p,2025-10-02T21:18:34,,31.9,
wong.pe,Galletas Artesanales Dolce Maria Sabores Surtidos,28,50,,,https://www.wong.pe/galletas-artesanales-dolce-maria-sabores-surtidos-315707-2/p,2025-10-02T21:18:39,,28.5,
wong.pe,Centro de Actividad Baby Einstein Descubre la Musica,409,00,,,https://www.wong.pe/centro-de-actividad-baby-einstein-descubre-la-musica-963013/p,2025-10-02T21:18:46,,409.0,
wong.pe,Chicle Sin Azúcar Menta Polar Wrigley's Extra Caja 15 unid,6,90,,,https://www.wong.pe/chicle-sin-azucar-menta-polar-wrigley-s-extra-caja-15-unid-346849003/p,2025-10-02T21:18:54,,6.9,
wong.pe,Caja Organizadora Duraplast Optimus Disney100 B 6L Surtido,16,90,,,https://www.wong.pe/caja-organizadora-duraplast-optimus-disney100-b-6l-surtido-1000448/p,2025-10-02T21:19:02,,16.9,
wong.pe,Biberón Anticólico Suavinix Dreams Az Flujo S - 150ml,54,90,,,https://www.wong.pe/biberon-anticolico-suavinix-dreams-az-flujo-s-150ml-1019631/p,2025-10-02T21:19:08,,54.9,
wong.pe,Peluche Gato Sorpresa Rainbocorns,59,90,,,https://www.wong.pe/peluche-gato-sorpresa-rainbocorns-1019098/p,2025-10-02T21:19:16,,59.9,
wong.pe,Parche para Acné Hero Mighty Patch Original 24un,49,90,,,https://www.wong.pe/parche-para-acn-hero-mighty-patch-original-24un-1029192/p,2025-10-02T21:19:24,,49.9,
wong.pe,Guantes de Cocina Scotch-Brite Mayor Sensibilidad Talla S,13,60,,,https://www.wong.pe/guantes-de-cocina-scotch-brite-mayor-sensibilidad-talla-s-52759001/p,2025-10-02T21:19:32,,13.6,
wong.pe,Vino Blanco Blend Pata Negra Rueda Botella 750ml,79,90,,,https://www.wong.pe/vino-blanco-blend-pata-negra-rueda-botella-750ml-995302-2/p,2025-10-02T21:19:41,,79.9,
wong.pe,Cava Semi Sec Codorníu Clásico Botella 750ml,65,90,,,https://www.wong.pe/cava-semi-sec-codorn-u-cl-sico-botella-750ml-59560001/p,2025-10-02T21:19:49,,65.9,
wong.pe,Pasta Dental Sensodyne para Encias Sensibles 100 g,23,50,27,30,https://www.wong.pe/pasta-dental-sensodyne-para-encias-sensibles-100-g/p,2025-10-02T21:19:58,,23.5,27.3
wong.pe,Cashews Salados x kg,110,00,,,https://www.wong.pe/cashews-salados-x-kg-455422/p,2025-10-02T21:20:06,,110.0,
wong.pe,Cake Topper Feliz Cumpleaños,9,59,,,https://www.wong.pe/cake-topper-feliz-cumplea-os-901194-2/p,2025-10-02T21:20:15,,9.59,
wong.pe,Triciclo Ebaby Cenit Rojo,269,00,,,https://www.wong.pe/triciclo-ebaby-cenit-rojo-2/p,2025-10-02T21:20:23,,269.0,
wong.pe,Pinza Beef Maker Acero Inoxidable,12,90,34,90,https://www.wong.pe/pinza-beef-maker-acero-ino-idable-1009049/p,2025-10-02T21:20:31,,12.9,34.9
wong.pe,Vino Tinto Tempranillo Arienzo de Marqués de Riscal Crianza Botella 750ml,75,90,,,https://www.wong.pe/vino-tinto-tempranillo-arienzo-de-marqu-s-de-riscal-crianza-botella-750ml-418210/p,2025-10-02T21:20:39,,75.9,
wong.pe,Espumante Prosecco Freixenet Extra Dry Botella 750ml,90,90,,,https://www.wong.pe/espumante-prosecco-freixenet-extra-dry-botella-750ml-769561002-2/p,2025-10-02T21:20:48,,90.9,
wong.pe,Carne para Guiso Nacional x kg,33,90,,,https://www.wong.pe/carne-para-guiso-nacional-x-kg-2/p,2025-10-02T21:20:56,,33.9,
wong.pe,Set 2 Paños Krea Tejeduría Diseño D2 40x60cm,9,90,16,99,https://www.wong.pe/set-2-panos-krea-tejeduria-diseno-d2-40x60cm-1032749/p,2025-10-02T21:21:04,,9.9,16.99
wong.pe,Setx6 Copa Quatrophil Burdeaux 645ml,239,00,,,https://www.wong.pe/setx6-copa-quatrophil-burdeaux-645ml-1040575/p,2025-10-02T21:21:12,,239.0,
wong.pe,Berry Mix Original Vallealto 250g,17,70,,,https://www.wong.pe/berry-mix-original-vallealto-250g-2/p,2025-10-02T21:21:20,,17.7,
wong.pe,Brownie Clásico Nutra Bien 4un,16,90,,,https://www.wong.pe/brownie-clasico-nutra-bien-4un-1017235/p,2025-10-02T21:21:28,,16.9,
wong.pe,Salvado de Trigo Molido 500g,16,30,,,https://www.wong.pe/salvado-de-trigo-molido-500g-4567-2/p,2025-10-02T21:21:36,,16.3,
wong.pe,Viniball Pelota de Vóley Chibolita,12,99,,,https://www.wong.pe/viniball-pelota-de-voley-chibolita/p,2025-10-02T21:21:44,,12.99,
wong.pe,Mix Proteína Naturandes 216g,25,50,,,https://www.wong.pe/mix-proteina-naturandes-216g/p,2025-10-02T21:21:52,,25.5,
wong.pe,Bombones Lindt Lindor Surtido 100g,55,90,,,https://www.wong.pe/bombones-lindt-lindor-surtido-100g-1009188-2/p,2025-10-02T21:22:00,,55.9,
wong.pe,Regla Maped Plana Clásica 30cm,0,77,1,10,https://www.wong.pe/regla-maped-plana-clasica-30cm/p,2025-10-02T21:22:08,,0.77,1.1
wong.pe,Resaltador Easy Vinifan Brilliante 46 x2 Verde|Rosado,3,50,,,https://www.wong.pe/resaltador-easy-vinifan-brilliante-46-x2-verde-rosado-741530/p,2025-10-02T21:22:15,,3.5,
wong.pe,Ampollas Instant Flash ISDINCEUTICS Pack 5 unid,67,40,74,90,https://www.wong.pe/ampollas-instant-flash-isdinceutics-pack-5-unid-2-2/p,2025-10-02T21:22:23,,67.4,74.9
wong.pe,Alimento Granulado Milo 350g + Pote,17,80,,,https://www.wong.pe/alimento-granulado-milo-350g-pote-1017233/p,2025-10-02T21:22:30,,17.8,
wong.pe,Mermelada Dietética de Sauco Frasco 250 g,13,30,,,https://www.wong.pe/mermelada-dietetica-de-sauco-frasco-250-g-2/p,2025-10-02T21:22:37,,13.3,
wong.pe,Pack Eterna Detergente Quita Manchas 1.8L: Ropa Oscura + Bicarbonato,50,50,,,https://www.wong.pe/pack-eterna-detergente-quita-manchas-18l-ropa-oscura-bicarbonato-1025645/p,2025-10-02T21:22:46,,50.5,
wong.pe,Bolsas Multiusos Transparentes Krea 10x15cm 100un,6,99,,,https://www.wong.pe/bolsas-multiusos-transparentes-krea-10x15cm-100un-371305/p,2025-10-02T21:22:53,,6.99,
wong.pe,Colador Anatómico Mediano Basa Surtido,6,99,,,https://www.wong.pe/colador-anatomico-mediano-basa-surtido-396369-2/p,2025-10-02T21:23:01,,6.99,
wong.pe,Gaseosa Inca Kola Sin Azúcar Botella 1.5L,6,90,7,10,https://www.wong.pe/gaseosa-inca-kola-sin-azucar-botella-1-5l-418033/p,2025-10-02T21:23:08,,6.9,7.1
wong.pe,Mezcla para Panqueques y Waffles con Chips de Chocolate Hungry Jack Caja 794 g,21,50,24,90,https://www.wong.pe/mezcla-para-panqueques-y-waffles-con-chips-de-chocolate-hungry-jack-caja-794-g/p,2025-10-02T21:23:16,,21.5,24.9
wong.pe,Pera Americana D'Anjou x kg,9,89,,,https://www.wong.pe/pera-americana-d-anjou-x-kg-4123/p,2025-10-02T21:23:24,,9.89,
wong.pe,Almohada de Lactancia Doble Rosado,179,90,,,https://www.wong.pe/almohada-de-lactancia-doble-rosado/p,2025-10-02T21:23:32,,179.9,
wong.pe,Snack Munchy Stix Dingo 10un,13,40,,,https://www.wong.pe/snack-munchy-stix-dingo-10un-993205-2/p,2025-10-02T21:23:38,,13.4,
wong.pe,Pisco Moscatel Viejo Tonel Botella 500ml,75,90,,,https://www.wong.pe/pisco-moscatel-viejo-tonel-botella-500ml-49588006/p,2025-10-02T21:23:46,,75.9,
wong.pe,Maletín de Maquillaje para Niñas Canal Toys,119,00,,,https://www.wong.pe/maletin-de-maquillaje-para-ninas-canal-toys-1012829/p,2025-10-02T21:23:54,,119.0,
wong.pe,Vino Tinto Borgoña Tabernero Pack 2 Botellas de 750ml c/u + 2 Vasos de Vidrio,46,90,,,https://www.wong.pe/vino-tinto-borgona-tabernero-pack-2-botellas-de-750ml-c-u-2-vasos-de-vidrio-2-2/p,2025-10-02T21:24:03,,46.9,
wong.pe,Filetitos en Salsa Ricocat Adultos Sabor Pavo 190g,4,50,6,39,https://www.wong.pe/filetitos-en-salsa-ricocat-adultos-sabor-pavo-190g-1002211/p,2025-10-02T21:24:11,,4.5,6.39
wong.pe,Hervidor Thomas TH-4800 2 L,99,00,159,00,https://www.wong.pe/hervidor-thomas-th-4800-2-l-406264/p,2025-10-02T21:24:19,,99.0,159.0
wong.pe,Paño de Microfibra para Cocina Home Care 3un,10,90,,,https://www.wong.pe/pa-o-de-microfibra-para-cocina-home-care-3un-784091/p,2025-10-02T21:24:27,,10.9,
wong.pe,Pack: Espumante Juvé & Camps Cinta Púrpura + Vino Tinto Escorihuela Gascón,129,90,,,https://www.wong.pe/pack-espumante-juve-camps-cinta-purpura-vino-tinto-escorihuela-gascon/p,2025-10-02T21:24:35,,129.9,
wong.pe,Pala Pet's Fun para Comida Lila,3,90,,,https://www.wong.pe/pala-pets-fun-para-comida-lila-1023915/p,2025-10-02T21:24:44,,3.9,
wong.pe,Soga Arti Creativo 2M con Mango de Madera Sapito,12,90,,,https://www.wong.pe/soga-arti-creativo-2m-con-mango-de-madera-sapito-1004032-2/p,2025-10-02T21:24:52,,12.9,
wong.pe,Combo Empanada Mixta 6un,28,90,,,https://www.wong.pe/combo-empanada-mixta-6un-1042549/p,2025-10-02T21:25:00,,28.9,
wong.pe,Ron Barceló Añejo Botella 750ml,49,90,65,90,https://www.wong.pe/ron-barcel-a-ejo-botella-750ml-231677/p,2025-10-02T21:25:09,,49.9,65.9
wong.pe,Palitos De Madera Artesco  (11.4 X 1Cm) Bolsa X 25,2,10,,,https://www.wong.pe/palitos-de-madera-artesco-114-1cm-bolsa-25-741337-2/p,2025-10-02T21:25:16,,2.1,
wong.pe,Cojin Krea 40x40cm Tufted Boy Kids,36,50,72,99,https://www.wong.pe/cojin-krea-40x40cm-tufted-boy-kids-1033386/p,2025-10-02T21:25:25,,36.5,72.99
wong.pe,Helado de Lúcuma Almendras Sanúa 473ml,29,90,,,https://www.wong.pe/helado-de-lucuma-almendras-sanua-473ml/p,2025-10-02T21:25:33,,29.9,
wong.pe,Freidora de Aire Imaco Manual Af6015M 6L,249,90,499,00,https://www.wong.pe/freidora-de-aire-imaco-manual-af6015m-6l-993947-2/p,2025-10-02T21:25:40,,249.9,499.0
wong.pe,Helado Talenti Caramel Cookie Crunch 473ml,29,90,,,https://www.wong.pe/helado-talenti-caramel-cookie-crunch-473ml-1028779/p,2025-10-02T21:25:48,,29.9,
wong.pe,Pack 4 Toallas de Cara Krea 30x30cm,7,59,18,99,https://www.wong.pe/pack-4-toallas-de-cara-krea-30-30cm-1010618/p,2025-10-02T21:25:57,,7.59,18.99
wong.pe,Tripack Tortillas Bimbo Rapiditas Cero Cero 280g,31,50,,,https://www.wong.pe/tripack-tortillas-bimbo-rapiditas-cero-cero-280g-1026990/p,2025-10-02T21:26:06,,31.5,
wong.pe,Bicicleta Oxford Luna 21v 24 Calipso,1,90,,,https://www.wong.pe/bicicleta-oxford-luna-21v-24-calipso-969321-2/p,2025-10-02T21:26:14,,1.9,
wong.pe,Queso Parmesano Rallado Hebras Pote 100 g,11,50,,,https://www.wong.pe/queso-parmesano-rallado-hebras-pote-100-g-2-2/p,2025-10-02T21:26:21,,11.5,
wong.pe,Corrector Maybelline 30 Hr Concealer 22,66,90,,,https://www.wong.pe/corrector-maybelline-30-hr-concealer-22-2-2/p,2025-10-02T21:26:28,,66.9,
wong.pe,Spaguetti Sin Gluten Barilla Caja 400 g,22,10,,,https://www.wong.pe/spaguetti-sin-gluten-barilla-caja-400-g/p,2025-10-02T21:26:36,,22.1,
wong.pe,TuHome Mueble de Cocina Kitchen 54 Blanco,409,90,619,90,https://www.wong.pe/tuhome-mueble-de-cocina-kitchen-54-blanco-2/p,2025-10-02T21:26:44,,409.9,619.9
wong.pe,Pegamento Uhu Pegalotodo N°13,9,04,11,30,https://www.wong.pe/pegamento-uhu-pegalotodo-n-13-16925/p,2025-10-02T21:26:52,,9.04,11.3
wong.pe,Disfraz Arabe Talla 4,49,90,99,90,https://www.wong.pe/disfraz-arabe-talla-4-1010206/p,2025-10-02T21:27:00,,49.9,99.9
wong.pe,Aceite de Maíz Arcor 900ml,24,20,,,https://www.wong.pe/aceite-de-maiz-arcor-900ml-792553/p,2025-10-02T21:27:08,,24.2,
wong.pe,Ziyaz Silla Giratoria para Escritorio Smart Lux Celeste,479,00,,,https://www.wong.pe/ziyaz-silla-giratoria-para-escritorio-smart-lux-celeste/p,2025-10-02T21:27:16,,479.0,
wong.pe,Cama Royal Dynasty con Cajones 2 Plazas Gris,2,00,3,00,https://www.wong.pe/cama-royal-dynasty-con-cajones-2-plazas-gris-992312/p,2025-10-02T21:27:21,,2.0,3.0
wong.pe,Frazada Krea Coral 1.5 Plaza Verde,29,59,73,99,https://www.wong.pe/frazada-krea-coral-1-5-plaza-verde-1023192/p,2025-10-02T21:27:29,,29.59,73.99
wong.pe,Cama Pocket Max 1.5 Plazas Chocolate + 1 Almohada + Protector,829,00,1,00,https://www.wong.pe/cama-pocket-max-1-5-plazas-chocolate-1-almohada-protector-940880/p,2025-10-02T21:27:38,,829.0,1.0
wong.pe,Risotto con Champiñones Riso Inverni 175g,19,90,,,https://www.wong.pe/risotto-con-champi-ones-riso-inverni-175g-1001416-2/p,2025-10-02T21:27:43,,19.9,
wong.pe,Keke Vegano de Zanahoria Yöy 550g,29,90,,,https://www.wong.pe/keke-vegano-de-zanahoria-y-y-550g-1012622/p,2025-10-02T21:27:51,,29.9,
wong.pe,Té Negro Free Tea Durazno Botella 500 ml,2,80,,,https://www.wong.pe/te-negro-free-tea-durazno-botella-500-ml-548933002/p,2025-10-02T21:28:00,,2.8,
wong.pe,Mantequilla con Sal Gloria 180g,11,90,,,https://www.wong.pe/mantequilla-con-sal-gloria-180g-359806/p,2025-10-02T21:28:08,,11.9,
wong.pe,Viniball Pelota Recreativa Nro 5.5 Spiderman,8,99,,,https://www.wong.pe/viniball-pelota-recreativa-nro-5-5-spiderman-2/p,2025-10-02T21:28:17,,8.99,
wong.pe,Caja Organizadora Transparente con Ruedas Krea 80L Surtido,75,90,150,99,https://www.wong.pe/caja-organizadora-transparente-con-ruedas-krea-80l-surtido-1009829/p,2025-10-02T21:28:24,,75.9,150.99
wong.pe,Ron Havana Club Selección de Maestros Botella 700ml,134,90,172,90,https://www.wong.pe/ron-havana-club-selecci-n-de-maestros-botella-700ml-405439/p,2025-10-02T21:28:32,,134.9,172.9
wong.pe,Individual Krea Color Yarn,6,90,10,99,https://www.wong.pe/individual-krea-color-yarn-1032780/p,2025-10-02T21:28:40,,6.9,10.99
wong.pe,Pioner Universal A4 45 mm 2 Anillos Blanco,13,90,,,https://www.wong.pe/pioner-universal-a4-45-mm-2-anillos-blanco-330785003-2/p,2025-10-02T21:28:48,,13.9,
wong.pe,Muñeco Fashionista Ken Surtido,69,90,89,90,https://www.wong.pe/mu-eco-fashionista-ken-surtido-558296-2-2/p,2025-10-02T21:28:56,,69.9,89.9
wong.pe,Flores de Bach Clematis 20ml,115,00,,,https://www.wong.pe/flores-de-bach-clematis-20ml-980237/p,2025-10-02T21:29:04,,115.0,
wong.pe,Paté Mousse con Pimienta Verde x Kg,155,00,,,https://www.wong.pe/pate-mousse-con-pimienta-verde-x-kg-2/p,2025-10-02T21:29:13,,155.0,
wong.pe,Caramelos Masticables Menta Mentos Barra 29.7g,2,10,,,https://www.wong.pe/caramelos-masticables-menta-mentos-barra-29-7g-2/p,2025-10-02T21:29:21,,2.1,
wong.pe,Refractorio Lock & Lock Ovenglass Euro Cuadrado 750ml,41,99,,,https://www.wong.pe/refractorio-lock-lock-ovenglass-euro-cuadrado-750ml-966978-2/p,2025-10-02T21:29:29,,41.99,
wong.pe,Vaso Alto Siena Glassia 485ml,7,29,,,https://www.wong.pe/vaso-alto-siena-glassia-485ml-1034301/p,2025-10-02T21:29:37,,7.29,
wong.pe,Silla Outzen Metal Caño Pe Rattan Chocolate,64,90,79,90,https://www.wong.pe/silla-outzen-metal-ca-o-pe-rattan-chocolate-1035121/p,2025-10-02T21:29:45,,64.9,79.9
wong.pe,Sixpack Yogurt Gloria Sabor Vainilla Botella 180g,11,20,,,https://www.wong.pe/sixpack-yogurt-gloria-sabor-vainilla-botella-180g-2-2/p,2025-10-02T21:29:52,,11.2,
wong.pe,Chocolate Confitado Bolsa de 150 g,14,20,,,https://www.wong.pe/chocolate-confitado-bolsa-de-150-g-2/p,2025-10-02T21:30:02,,14.2,
wong.pe,Body Mist Beauty Care Passion Love 250ml,16,90,29,90,https://www.wong.pe/body-mist-beauty-care-passion-love-250ml-989519-2/p,2025-10-02T21:30:09,,16.9,29.9
wong.pe,Pack x2 Figuras Jungle Paw Patrol,59,90,,,https://www.wong.pe/pack-x2-figuras-jungle-paw-patrol-1008960/p,2025-10-02T21:30:17,,59.9,
wong.pe,Figura Freezer 4Ta Tran Dragon Ball 30cm,99,90,,,https://www.wong.pe/figura-freezer-4ta-tran-dragon-ball-30cm-1021290/p,2025-10-02T21:30:26,,99.9,
wong.pe,Paté Sabor Salmón,4,50,6,39,https://www.wong.pe/pat-sabor-salm-n-1002213/p,2025-10-02T21:30:33,,4.5,6.39
wong.pe,,,,,,https://www.wong.pe/set-de-unas-para-bebes-qvs-grooming/p,2025-10-02T21:30:41,,,
wong.pe,Pop Corn Butter Light Act II Pack 3 Unid,15,40,,,https://www.wong.pe/pop-corn-butter-light-act-ii-pack-3-unid-49238003/p,2025-10-02T21:30:48,,15.4,
wong.pe,Piña en Rodajas Golden 700g,19,90,,,https://www.wong.pe/pina-en-rodajas-golden-700g-222379/p,2025-10-02T21:30:56,,19.9,
wong.pe,Pack Whisky Ballantine's: Botella 700ml + Botella 200ml,47,90,54,90,https://www.wong.pe/pack-whisky-ballantines-botella-700ml-botella-200ml-1002204/p,2025-10-02T21:31:03,,47.9,54.9
wong.pe,,,,,,https://www.wong.pe/caramelos-perita-350g-1012635/p,2025-10-02T21:31:11,,,
wong.pe,Cama Paraíso 2 Plazas Nappy,579,00,1,00,https://www.wong.pe/cama-paraiso-2-plazas-nappy-357403/p,2025-10-02T21:31:19,,579.0,1.0
wong.pe,Candado de Cable Hermex Uso Ligero,39,89,,,https://www.wong.pe/candado-de-cable-hermex-uso-ligero/p,2025-10-02T21:31:26,,39.89,
wong.pe,Barbie Careers Set de Repostería para Decorar,199,90,,,https://www.wong.pe/barbie-careers-set-de-reposteria-para-decorar/p,2025-10-02T21:31:34,,199.9,
wong.pe,Mezcla Sazonador Gourmet Poultry Badia,20,90,,,https://www.wong.pe/mezcla-sazonador-gourmet-poultry-badia-108881-2-2/p,2025-10-02T21:31:41,,20.9,
wong.pe,Juego PS5 Playstation Lost Soul Aside,289,00,,,https://www.wong.pe/juego-ps5-playstation-lost-soul-aside-1048307/p,2025-10-02T21:31:49,,289.0,
wong.pe,Queso Ibérico García Baquero Cuña 150g,23,50,,,https://www.wong.pe/queso-iberico-garcia-baquero-cuna-150g-1006366/p,2025-10-02T21:31:58,,23.5,
wong.pe,Papel de Regalo DG Regalos Winnie Pooh,4,90,,,https://www.wong.pe/papel-de-regalo-dg-regalos-winnie-pooh-543581-2-2/p,2025-10-02T21:32:05,,4.9,
wong.pe,"Televisor Samsung 65"" QLED Q8F Vision AI Smart TV (2025)",2,00,3,00,https://www.wong.pe/televisor-samsung-65-qled-q8f-vision-ai-smart-tv-2025-1040399/p,2025-10-02T21:32:13,,2.0,3.0
wong.pe,Tocino Natural Ahumado Salchichería Alemana 200g,15,50,,,https://www.wong.pe/tocino-natural-ahumado-salchicheria-alemana-200g-1017213/p,2025-10-02T21:32:21,,15.5,
wong.pe,Galleta de Arroz Integral Scotti 150g,11,70,,,https://www.wong.pe/galleta-de-arroz-integral-scotti-150g-2/p,2025-10-02T21:32:30,,11.7,
wong.pe,Mantequillera Krea Conejo Julieta,20,90,41,99,https://www.wong.pe/mantequillera-krea-conejo-julieta-1032962/p,2025-10-02T21:32:37,,20.9,41.99
wong.pe,Endulzante Golden Lakanto Doypack 454 g,69,80,,,https://www.wong.pe/endulzante-golden-lakanto-doypack-454-g-2/p,2025-10-02T21:32:45,,69.8,
wong.pe,Colchón Rosen Indie 1.5 Plazas,1,00,1,00,https://www.wong.pe/colchon-rosen-indie-1-5-plazas-992466-2/p,2025-10-02T21:32:54,,1.0,1.0
wong.pe,Hilo de Pescar #60 Carpaccio 91cm,8,20,,,https://www.wong.pe/hilo-de-pescar-60-carpaccio-91cm-36883-2-2/p,2025-10-02T21:33:02,,8.2,
wong.pe,Helado Momenti Gelato Pie de Limón 500ml,29,90,32,90,https://www.wong.pe/helado-momenti-gelato-pie-de-lim-n-500ml-1006815-2/p,2025-10-02T21:33:09,,29.9,32.9
wong.pe,Antitranspirante Roll On Dove Clinical Tono Uniforme 50ml,16,90,,,https://www.wong.pe/antitranspirante-roll-on-dove-clinical-tono-uniforme-50ml-1049320/p,2025-10-02T21:33:17,,16.9,
wong.pe,Espátula La Hacienda Asado Acacia 42x9cm,32,79,40,99,https://www.wong.pe/espatula-la-hacienda-asado-acacia-42x9cm-993128-2/p,2025-10-02T21:33:26,,32.79,40.99
wong.pe,Protector de Sol Elástico Safety 1st,69,00,,,https://www.wong.pe/protector-de-sol-elastico-safety-1st-2/p,2025-10-02T21:33:34,,69.0,
wong.pe,Set x6 Vaso Sprit Ferrand Special,63,92,79,90,https://www.wong.pe/set-x6-vaso-sprit-ferrand-special-899858-2/p,2025-10-02T21:33:41,,63.92,79.9
wong.pe,Pasta Sin Gluten Garofalo Penne Rigate 400g,25,50,,,https://www.wong.pe/pasta-sin-gluten-garofalo-penne-rigate-400g-988717/p,2025-10-02T21:33:49,,25.5,
wong.pe,Antitranspirante en Aerosol Secret Powder Protect Cotton 93g,15,50,,,https://www.wong.pe/antitranspirante-en-aerosol-secret-powder-protect-cotton-93g-1013831/p,2025-10-02T21:33:59,,15.5,
wong.pe,Yogurt Vakimu +Pro Fresa 160g,6,20,,,https://www.wong.pe/yogurt-vakimu-pro-fresa-160g-992047-2/p,2025-10-02T21:34:07,,6.2,
wong.pe,Garbanzo Picante x kg,52,00,,,https://www.wong.pe/garbanzo-picante-x-kg-542052/p,2025-10-02T21:34:16,,52.0,
wong.pe,Vino Tinto Merlot Terranoble Botella 750ml,43,90,,,https://www.wong.pe/vino-tinto-merlot-terranoble-botella-750ml-2/p,2025-10-02T21:34:21,,43.9,
wong.pe,Cama Europea Royal Prince 1.5 Plaza Chocolate,1,00,1,00,https://www.wong.pe/cama-europea-royal-prince-1-5-plaza-chocolate-940817/p,2025-10-02T21:34:30,,1.0,1.0
wong.pe,Collar Mickey And Friends Black,19,90,,,https://www.wong.pe/collar-mickey-and-friends-black-999276-2/p,2025-10-02T21:34:37,,19.9,
wong.pe,Frambuesa Entera Congelada Bolsa 1 Kg,50,40,63,00,https://www.wong.pe/frambuesa-entera-congelada-bolsa-1-kg/p,2025-10-02T21:34:45,,50.4,63.0
wong.pe,Pack 12 Moldes Krea Muffin Silicona,12,90,22,99,https://www.wong.pe/pack-12-moldes-krea-muffin-silicona-1020227/p,2025-10-02T21:34:51,,12.9,22.99
wong.pe,Aceitunas con Alcaparras Calé Tapenade Frasco 185 g,14,90,,,https://www.wong.pe/aceitunas-con-alcaparras-cale-tapenade-frasco-185-g-434481001/p,2025-10-02T21:34:59,,14.9,
wong.pe,Chips Quinoa BBQ Qfoods 100g,7,90,,,https://www.wong.pe/chips-quinoa-bbq-qfoods-100g-1038193/p,2025-10-02T21:35:07,,7.9,
wong.pe,Ambientador Glade Aceites Naturales Abrazos de Vainilla 3 repuestos 63ml,50,90,,,https://www.wong.pe/ambientador-glade-aceites-naturales-abrazos-de-vainilla-3-repuestos-63ml-701003005-2/p,2025-10-02T21:35:16,,50.9,
wong.pe,Protector Solar Bioderma Photoderm Lait Ultra SPF50+ 200ml,145,90,,,https://www.wong.pe/protector-solar-bioderma-photoderm-lait-ultra-spf50-200ml-1039697/p,2025-10-02T21:35:24,,145.9,
wong.pe,Vino Tinto Tempranillo Cillar de Silos Crianza Botella 750ml,169,90,,,https://www.wong.pe/vino-tinto-tempranillo-cillar-de-silos-crianza-botella-750ml-1022334/p,2025-10-02T21:35:33,,169.9,
wong.pe,Crema Antiarrugas Frezyderm 15ml,148,00,,,https://www.wong.pe/crema-antiarrugas-frezyderm-15ml/p,2025-10-02T21:35:40,,148.0,
wong.pe,Ziyaz Sillón Fijo Botero Gris,1,00,,,https://www.wong.pe/ziyaz-sillon-fijo-botero-gris/p,2025-10-02T21:35:47,,1.0,
wong.pe,Juguete Pluto Disney Squeaker Scarf,29,80,,,https://www.wong.pe/juguete-pluto-disney-squeaker-scarf1041582/p,2025-10-02T21:35:54,,29.8,
wong.pe,Edulcorante en Polvo Sugafor 100un,41,30,,,https://www.wong.pe/edulcorante-en-polvo-sugafor-100un-315706/p,2025-10-02T21:36:03,,41.3,
wong.pe,Vino Tinto Blend Guarda 750ml,89,90,157,00,https://www.wong.pe/vino-tinto-blend-guarda-750ml-70767/p,2025-10-02T21:36:10,,89.9,157.0
wong.pe,Escoba Home Care Multiusos con Mango,13,90,,,https://www.wong.pe/escoba-home-care-multiusos-con-mango-1018028/p,2025-10-02T21:36:19,,13.9,
wong.pe,Bebida Frugos Fresh Citrus Botella 3L,6,90,,,https://www.wong.pe/bebida-frugos-fresh-citrus-botella-3l-950283/p,2025-10-02T21:36:27,,6.9,
wong.pe,Limpia Alfombras y Tapices Sapolio 980ml,21,90,,,https://www.wong.pe/limpia-alfombras-y-tapices-sapolio-980ml-179822/p,2025-10-02T21:36:35,,21.9,
wong.pe,King Kong San Roque Manjarblanco de Chirimoya 230g,20,20,22,50,https://www.wong.pe/king-kong-san-roque-manjarblanco-de-chirimoya-230g-710217/p,2025-10-02T21:36:43,,20.2,22.5
wong.pe,Peluche Disney con Imán para Hombro 15cm Remi,39,90,89,90,https://www.wong.pe/peluche-disney-con-iman-para-hombro-15cm-remi-1038200/p,2025-10-02T21:36:50,,39.9,89.9
wong.pe,Gin Richmond London Dry Botella 1L,52,90,,,https://www.wong.pe/gin-richmond-london-dry-botella-1l/p,2025-10-02T21:37:00,,52.9,
wong.pe,Mini Croissant Cuisine & Co Tradicional 12un,14,90,,,https://www.wong.pe/mini-croissant-cuisine-co-tradicional-12un-968636-2-2/p,2025-10-02T21:37:08,,14.9,
wong.pe,Secadora de Cabello Siegen SG-3012C16,59,00,99,00,https://www.wong.pe/secadora-de-cabello-siegen-sg-3012c16-2/p,2025-10-02T21:37:16,,59.0,99.0
wong.pe,Vino Tinto Doña Paula Altitude 1350 Botella 750ml,144,90,,,https://www.wong.pe/vino-tinto-dona-paula-altitude-1350-botella-750ml-998484-2/p,2025-10-02T21:37:24,,144.9,
wong.pe,Filete de Caballa en Aceite Vegetal Cuisine & Co 170g,5,30,,,https://www.wong.pe/filete-de-caballa-en-aceite-vegetal-cuisine-co-170g-1005773/p,2025-10-02T21:37:32,,5.3,
wong.pe,Chicha de Jora Lorenza Botella 750 ml,15,90,,,https://www.wong.pe/chicha-de-jora-lorenza-botella-750-ml-103988/p,2025-10-02T21:37:40,,15.9,
wong.pe,Paño Microfibra Top Gan Grande Colores,32,90,,,https://www.wong.pe/pano-microfibra-top-gan-grande-colores-986650-2/p,2025-10-02T21:37:48,,32.9,
wong.pe,Detergente en Polvo Ariel Revitacolor 2.5kg,39,50,47,90,https://www.wong.pe/detergente-en-polvo-ariel-revitacolor-2-5kg-1040719/p,2025-10-02T21:37:56,,39.5,47.9
wong.pe,Cubeta de Hielo Silicona 15 Cavidades Kioxx Naranjo,31,90,,,https://www.wong.pe/cubeta-de-hielo-silicona-15-cavidades-kioxx-naranjo-984367/p,2025-10-02T21:38:05,,31.9,
wong.pe,Maxell Memoria MicroSDHC 64GB + Adaptador,19,00,59,00,https://www.wong.pe/maxell-memoria-microsdhc-64gb-adaptador-773670-2/p,2025-10-02T21:38:12,,19.0,59.0
wong.pe,Vodka Russkaya Pink Botella 750ml,25,90,,,https://www.wong.pe/vodka-russkaya-pink-botella-750ml-784774/p,2025-10-02T21:38:20,,25.9,
wong.pe,Cuchillo Wayu Hammer Mediano,56,99,,,https://www.wong.pe/cuchillo-wayu-hammer-mediano/p,2025-10-02T21:38:29,,56.99,
wong.pe,,,,,,https://www.wong.pe/pisco-queirolo-quebranta-750ml-3756/p,2025-10-02T21:38:36,,,
